unique_id,ds,NHITS
Rocket_Launch,2021-01-01,7.9053197
Rocket_Launch,2021-02-01,7.26172
Rocket_Launch,2021-03-01,6.100582
Rocket_Launch,2021-04-01,6.3354597
Rocket_Launch,2021-05-01,7.3921804
Rocket_Launch,2021-06-01,7.1835866
Rocket_Launch,2021-07-01,7.2305245
Rocket_Launch,2021-08-01,6.6914024
Rocket_Launch,2021-09-01,6.690694
Rocket_Launch,2021-10-01,6.250817
Rocket_Launch,2021-11-01,7.0481825
Rocket_Launch,2021-12-01,8.195164
